{
    "faces": [169,0,1,3,2,0,1,2,3,0,1,2,3,0,0,1,2,169,2,3,5,4,3,2,4,5,3,2,4,5,2,1,0,0,169,4,5,7,6,5,4,6,7,5,4,6,7,0,0,3,0,169,6,7,9,8,8,6,9,10,7,6,8,9,0,3,0,0,169,10,0,12,22,11,0,12,13,10,0,11,12,0,0,0,0,169,1,0,10,11,1,0,11,14,1,0,10,13,0,0,0,0,169,8,9,11,10,10,9,14,11,9,8,13,10,0,4,0,0,169,15,14,30,31,15,16,17,18,14,15,16,17,5,5,5,5,168,14,19,17,16,21,22,15,18,19,5,6,5,168,23,21,19,19,20,21,20,21,18,5,5,6,168,14,15,23,16,15,19,15,14,20,5,5,5,168,14,23,19,16,19,21,15,20,18,5,5,6,169,14,17,32,30,16,22,23,17,15,19,22,16,5,5,5,5,169,8,10,22,20,10,11,13,24,9,10,12,23,0,0,0,0,169,17,19,33,32,22,21,25,23,19,18,24,22,5,6,5,5,169,6,8,20,18,8,10,24,26,7,9,23,25,0,0,0,0,169,19,21,34,33,21,20,27,25,18,21,26,24,6,5,5,5,169,4,6,18,16,5,7,28,29,5,7,25,27,0,0,0,0,169,21,23,35,34,20,19,30,27,21,20,28,26,5,5,5,5,169,2,4,16,13,3,5,29,31,3,5,27,29,0,0,0,0,169,23,15,31,35,19,15,18,30,20,14,17,28,5,5,5,5,169,0,2,13,12,0,3,31,12,0,3,29,11,0,0,0,0,169,25,29,35,31,32,33,30,18,30,31,28,17,8,5,5,5,169,29,28,34,35,33,34,27,30,31,32,26,28,5,5,5,5,169,28,27,33,34,34,35,25,27,32,33,24,26,5,5,5,5,169,27,26,32,33,35,36,23,25,33,34,22,24,5,5,5,5,169,26,24,30,32,36,37,17,23,34,35,16,22,5,5,5,5,169,24,25,31,30,37,32,18,17,35,30,17,16,5,8,5,5],
    "vertices": [0,-0,-2,0,0.5,-2,1.73205,-0,-1,1.73205,0.5,-1,1.73205,0,1,1.73205,0.5,1,-0,0,2,-0,0.5,2,-1.73205,0,1,-1.73205,0.5,1,-1.73205,-0,-1,-1.73205,0.5,-1,-0,-0.5,-1.6,1.38564,-0.5,-0.8,1.73205,1,-1,0,1,-2,1.38564,-0.5,0.8,1.73205,1,1,-0,-0.5,1.6,-0,1,2,-1.38564,-0.5,0.8,-1.73205,1,1,-1.38564,-0.5,-0.8,-1.73205,1,-1,2.07846,0.35,-1.2,-0,0.35,-2.4,2.07846,0.35,1.2,-0,0.35,2.4,-2.07846,0.35,1.2,-2.07846,0.35,-1.2,1.95413,0.75,-1.12822,-0,0.75,-2.25644,1.95413,0.75,1.12822,-0,0.75,2.25644,-1.95413,0.75,1.12822,-1.95413,0.75,-1.12822],
    "metadata": {
        "uvs": 1,
        "version": 3,
        "normals": 36,
        "type": "Geometry",
        "colors": 9,
        "faces": 28,
        "vertices": 36,
        "generator": "io_three"
    },
    "uvs": [[0.676208,1,0.5,0.922021,0.705272,0.661206,0.75,0.666667,0.705272,0.338794,0.75,0.333333,0.5,0.077979,1.21101,0,0.21101,0,0.294728,0.338794,0.25,0.333333,0.25,0.666667,1,0.903589,0.194884,0.658363,0.294728,0.661206,0.5,0.852416,0.666667,0.647584,0.691675,0.657363,0.5,0.897856,0.333333,0.647584,0.333333,0.352416,0.5,0.147584,0.666667,0.352416,0.691675,0.342637,0.194884,0.341637,0.5,0.102144,0,0.096411,0.308325,0.342637,1,0.096411,0.805116,0.341637,0.308325,0.657363,0.805116,0.658363,0.5,0.953905,0.276552,0.664746,0.276552,0.335254,0.5,0.046095,0.723448,0.335254,0.723448,0.664746]],
    "normals": [0,-0.302011,-0.953276,0,0,-1,0.866024,0,-0.499985,0.825556,-0.302011,-0.476638,0.866024,0,0.499985,0.825556,-0.302011,0.476638,0,0,0.999969,0,-0.302011,0.953276,-0.866024,0,0.499985,-0.825556,-0.302011,0.476638,-0.825556,-0.302011,-0.476638,0,-0.624683,-0.780847,-0.676229,-0.624683,-0.390423,-0.866024,0,-0.499985,0,0.880856,-0.473373,0.409955,0.880856,-0.236671,0.744804,0.510208,-0.430006,0,0.510208,-0.860012,0,0.880856,0.473373,0.409955,0.880856,0.236671,-0.409955,0.880856,-0.236671,-0.409955,0.880856,0.236671,0.744804,0.510208,0.430006,-0.676229,-0.624683,0.390423,0,0.510208,0.860012,0,-0.624683,0.780847,-0.744804,0.510208,0.430006,0.676229,-0.624683,0.390423,-0.744804,0.510208,-0.430006,0.676229,-0.624683,-0.390423,0,0.337779,-0.941191,-0.815088,0.337779,-0.470595,-0.815088,0.337779,0.470595,0,0.337779,0.941191,0.815088,0.337779,0.470595,0.815088,0.337779,-0.470595],
    "name": "CylinderGeometry.2",
    "colors": [8544602,8610395,8676189,8676188,8610652,3244604,3310397,0,3310141]
}